HMI Tag name;Multiplex Tag;Index
internal tags\ANA01_M_name;internal tags\WKVOS_MP_01_PT_01_name;0
internal tags\ANA01_M_name;internal tags\WKVOS_MP_01_PT_02_name;1
internal tags\ANA01_M_name;internal tags\WKVOS_MP_01_SDV01_name;2
internal tags\ANA01_M_name;internal tags\WKVOS_MP_01_MV_02_name;3
internal tags\ANA01_M_name;internal tags\WKVOS_MP_03_PT_01_name;4
internal tags\ANA01_M_name;internal tags\WKVOS_MP_03_PT_02_name;5
internal tags\ANA01_M_name;internal tags\WKVOS_MP_02_PT_01_name;6
internal tags\ANA01_M_name;internal tags\WKVOS_MP_02_PT_02_name;7
internal tags\ANA01_M_name;internal tags\WKVOS_MP_02_SDV01_name;8
internal tags\ANA01_M_name;internal tags\WKVOS_MP_02_MV_02_name;9
internal tags\ANA01_M_name;internal tags\WKVOS_MP_04_PT_01_name;10
internal tags\ANA01_M_name;internal tags\WKVOS_MP_04_PT_02_name;11
internal tags\ANA01_M_name;internal tags\WKVOS_MP_05_PT_01_name;12
internal tags\ANA01_M_name;internal tags\WKVOS_MP_05_PT_02_name;13
internal tags\ANA01_M_name;internal tags\WKVOS_ADS01_IT_01_name;14
internal tags\ANA01_M_name;internal tags\WKVOS_ADS01_ET_01_name;15
internal tags\ANA01_M_name;internal tags\WKVOS_ADS02_IT_01_name;16
internal tags\ANA01_M_name;internal tags\WKVOS_ADS02_ET_01_name;17
internal tags\ANA01_M_name;internal tags\WKVOS_MP_06_PT_01_name;18
internal tags\ANA01_M_name;internal tags\WKVOS_MP_06_PT_02_name;19
internal tags\ANA01_M_name;internal tags\WKVOS_MP_07_PT_01_name;20
internal tags\ANA01_M_name;internal tags\WKVOS_MP_07_PT_02_name;21
internal tags\ANA01_M_name;internal tags\WKVOS_MP_07_MV_01_name;22
internal tags\ANA01_M_name;internal tags\WKVOS_MP_07_MV_02_name;23
internal tags\ANA01_M_name;internal tags\WKVOS_MP_10_PT_01_name;24
internal tags\ANA01_M_name;internal tags\WKVOS_MP_10_PT_02_name;25
internal tags\ANA01_M_name;internal tags\WKVOS_MP_08_PT_01_name;26
internal tags\ANA01_M_name;internal tags\WKVOS_MP_08_PT_02_name;27
internal tags\ANA01_M_name;internal tags\WKVOS_MP_09_PT_01_name;28
internal tags\ANA01_M_name;internal tags\WKVOS_MP_09_PT_02_name;29
internal tags\ANA01_M_name;internal tags\WKVOS_MP_12_PT_01_name;30
internal tags\ANA01_M_name;internal tags\WKVOS_TC_01_LT_01_name;31
internal tags\ANA01_M_name;internal tags\WKVOS_TC_01_LT_02_name;32
internal tags\ANA01_M_name;internal tags\WKVOS_TC_01_LT_03_name;33
internal tags\ANA01_M_name;internal tags\WKVOS_TC_01_LT_04_name;34
internal tags\ANA01_M_name;internal tags\WKVOS_TC_01_LT_05_name;35
internal tags\ANA01_M_name;internal tags\WKVOS_TC_01_LT_06_name;36
internal tags\ANA01_M_name;internal tags\WKVOS_TC_01_FQ_01_name;37
internal tags\MOV01_M_name;internal tags\WKVOS_MP_00_MOV01_name;0
internal tags\MOV01_M_name;internal tags\WKVOS_MP_00_MOV02_name;1
internal tags\MOV01_M_name;internal tags\WKVOS_MP_00_MOV03_name;2
internal tags\MOV01_M_name;internal tags\WKVOS_MP_00_MOV04_name;3
internal tags\MOV01_M_name;internal tags\WKVOS_MP_00_MOV05_name;4
internal tags\MOV01_M_name;internal tags\WKVOS_MP_00_MOV06_name;5
internal tags\MOV01_M_name;internal tags\WKVOS_MP_00_MOV07_name;6
internal tags\MOV01_M_name;internal tags\WKVOS_MP_00_MOV08_name;7
internal tags\MOV01_M_name;internal tags\WKVOS_MP_00_MOV09_name;8
internal tags\MOV01_M_name;internal tags\WKVOS_MP_00_MOV10_name;9
internal tags\MOV01_M_name;internal tags\WKVOS_MP_00_MOV11_name;10
internal tags\MOV01_M_name;internal tags\WKVOS_MP_00_MOV12_name;11
internal tags\MOV01_M_name;internal tags\WKVOS_MP_00_MOV13_name;12
internal tags\MOV01_M_name;internal tags\WKVOS_MP_00_MOV14_name;13
internal tags\MOV01_M_name;internal tags\WKVOS_MP_01_MOV01_name;14
internal tags\MOV01_M_name;internal tags\WKVOS_MP_01_MOV02_name;15
internal tags\MOV01_M_name;internal tags\WKVOS_MP_02_MOV01_name;16
internal tags\MOV01_M_name;internal tags\WKVOS_MP_02_MOV02_name;17
internal tags\MOV01_M_name;internal tags\WKVOS_MP_03_MOV01_name;18
internal tags\MOV01_M_name;internal tags\WKVOS_MP_03_MOV02_name;19
internal tags\MOV01_M_name;internal tags\WKVOS_MP_04_MOV01_name;20
internal tags\MOV01_M_name;internal tags\WKVOS_MP_04_MOV02_name;21
internal tags\MOV01_M_name;internal tags\WKVOS_MP_05_MOV01_name;22
internal tags\MOV01_M_name;internal tags\WKVOS_MP_05_MOV02_name;23
internal tags\MOV01_M_name;internal tags\WKVOS_MP_06_MOV01_name;24
internal tags\MOV01_M_name;internal tags\WKVOS_MP_06_MOV02_name;25
internal tags\MOV01_M_name;internal tags\WKVOS_MP_07_MOV01_name;26
internal tags\MOV01_M_name;internal tags\WKVOS_MP_07_MOV02_name;27
internal tags\MOV01_M_name;internal tags\WKVOS_MP_08_MOV01_name;28
internal tags\MOV01_M_name;internal tags\WKVOS_MP_08_MOV02_name;29
internal tags\MOV01_M_name;internal tags\WKVOS_MP_09_MOV01_name;30
internal tags\MOV01_M_name;internal tags\WKVOS_MP_09_MOV02_name;31
internal tags\MOV01_M_name;internal tags\WKVOS_MP_10_MOV01_name;32
internal tags\MOV01_M_name;internal tags\WKVOS_MP_10_MOV02_name;33
internal tags\MOT01_M_GW3;WKVOS_MP_01_ES_01\WKVOS_MP_01_ES_01_GW3;0
internal tags\MOT01_M_GW3;WKVOS_MP_02_ES_01\WKVOS_MP_02_ES_01_GW3;1
internal tags\MOT01_M_GW3;WKVOS_MP_03_ES_01\WKVOS_MP_03_ES_01_GW3;2
internal tags\MOT01_M_GW3;WKVOS_MP_04_ES_01\WKVOS_MP_04_ES_01_GW3;3
internal tags\MOT01_M_GW3;WKVOS_MP_05_ES_01\WKVOS_MP_05_ES_01_GW3;4
internal tags\MOT01_M_GW3;WKVOS_MP_06_ES_01\WKVOS_MP_06_ES_01_GW3;5
internal tags\MOT01_M_GW3;WKVOS_MP_07_ES_01\WKVOS_MP_07_ES_01_GW3;6
internal tags\MOT01_M_GW3;WKVOS_MP_08_ES_01\WKVOS_MP_08_ES_01_GW3;7
internal tags\MOT01_M_GW3;WKVOS_MP_09_ES_01\WKVOS_MP_09_ES_01_GW3;8
internal tags\MOT01_M_GW3;WKVOS_MP_10_ES_01\WKVOS_MP_10_ES_01_GW3;9
internal tags\MOT01_M_GW3;WKVOS_MP_12_ES_01\WKVOS_MP_12_ES_01_GW3;10
internal tags\MOT01_M_GW3;WKVOS_TC_01_ES_01\WKVOS_TC_01_ES_01_GW3;11
internal tags\MOT01_M_GW3;WKVOS_TC_01_ES_02\WKVOS_TC_01_ES_02_GW3;12
internal tags\MOT01_M_GW3;WKVOS_TC_01_ES_03\WKVOS_TC_01_ES_03_GW3;13
internal tags\MOT01_M_GW3;WKVOS_TC_01_ES_04\WKVOS_TC_01_ES_04_GW3;14
internal tags\MOT01_M_GW3;WKVOS_TC_01_ES_05\WKVOS_TC_01_ES_05_GW3;15
internal tags\MOT01_M_GW3;WKVOS_TC_01_ES_06\WKVOS_TC_01_ES_06_GW3;16
internal tags\MOT01_M_GW3;WKVOS_TC_01_ES_07\WKVOS_TC_01_ES_07_GW3;17
internal tags\MOT01_M_GW3;WKVOS_TC_01_ES_08\WKVOS_TC_01_ES_08_GW3;18
internal tags\MOT01_M_GW3;WKVOS_TC_01_ES_09\WKVOS_TC_01_ES_09_GW3;19
internal tags\MOT01_M_GW3;WKVOS_TC_01_ES_10\WKVOS_TC_01_ES_10_GW3;20
internal tags\MOT01_M_GW3;WKVOS_TC_01_ES_11\WKVOS_TC_01_ES_11_GW3;21
internal tags\MOT01_M_GW3;WKVOS_TC_01_ES_12\WKVOS_TC_01_ES_12_GW3;22
internal tags\BIN01_M_GW2;WKVOS_MP_00_HS_01\WKVOS_MP_00_HS_01_GW2;0
internal tags\BIN01_M_GW2;WKVOS_MP_00_HS_02\WKVOS_MP_00_HS_02_GW2;1
internal tags\BIN01_M_GW2;WKVOS_JF_01_ES_01\WKVOS_JF_01_ES_01_GW2;2
internal tags\BIN01_M_GW2;WKVOS_TC_01_LS_01\WKVOS_TC_01_LS_01_GW2;3
internal tags\BIN01_M_GW2;WKVOS_TC_01_LS_02\WKVOS_TC_01_LS_02_GW2;4
internal tags\BIN01_M_GW2;WKVOS_TC_01_LS_03\WKVOS_TC_01_LS_03_GW2;5
internal tags\BIN01_M_GW2;WKVOS_TC_01_LS_04\WKVOS_TC_01_LS_04_GW2;6
internal tags\BIN01_M_GW2;WKVOS_TC_01_LS_05\WKVOS_TC_01_LS_05_GW2;7
internal tags\BIN01_M_GW2;WKVOS_TC_01_LS_06\WKVOS_TC_01_LS_06_GW2;8
internal tags\DIAG01_M_name;internal tags\WKVOS_SHP01_SL_01_name;0
internal tags\DIAG01_M_name;internal tags\WKVOS_SHP01_SL_11_name;1
internal tags\DIAG01_M_name;internal tags\WKVOS_SHP01_SL_12_name;2
internal tags\DIAG01_M_name;internal tags\WKVOS_SHP01_SL_13_name;3
internal tags\DIAG01_M_name;internal tags\WKVOS_SHP02_SL_21_name;4
internal tags\DIAG01_M_name;internal tags\WKVOS_SHP02_SL_22_name;5
internal tags\DIAG01_M_name;internal tags\WKVOS_SHP01_SL_41_name;6
internal tags\ANA01_M_mess;internal tags\WKVOS_MP_01_PT_01_mess;0
internal tags\ANA01_M_mess;internal tags\WKVOS_MP_01_PT_02_mess;1
internal tags\ANA01_M_mess;internal tags\WKVOS_MP_01_SDV01_mess;2
internal tags\ANA01_M_mess;internal tags\WKVOS_MP_01_MV_02_mess;3
internal tags\ANA01_M_mess;internal tags\WKVOS_MP_03_PT_01_mess;4
internal tags\ANA01_M_mess;internal tags\WKVOS_MP_03_PT_02_mess;5
internal tags\ANA01_M_mess;internal tags\WKVOS_MP_02_PT_01_mess;6
internal tags\ANA01_M_mess;internal tags\WKVOS_MP_02_PT_02_mess;7
internal tags\ANA01_M_mess;internal tags\WKVOS_MP_02_SDV01_mess;8
internal tags\ANA01_M_mess;internal tags\WKVOS_MP_02_MV_02_mess;9
internal tags\ANA01_M_mess;internal tags\WKVOS_MP_04_PT_01_mess;10
internal tags\ANA01_M_mess;internal tags\WKVOS_MP_04_PT_02_mess;11
internal tags\ANA01_M_mess;internal tags\WKVOS_MP_05_PT_01_mess;12
internal tags\ANA01_M_mess;internal tags\WKVOS_MP_05_PT_02_mess;13
internal tags\ANA01_M_mess;internal tags\WKVOS_ADS01_IT_01_mess;14
internal tags\ANA01_M_mess;internal tags\WKVOS_ADS01_ET_01_mess;15
internal tags\ANA01_M_mess;internal tags\WKVOS_ADS02_IT_01_mess;16
internal tags\ANA01_M_mess;internal tags\WKVOS_ADS02_ET_01_mess;17
internal tags\ANA01_M_mess;internal tags\WKVOS_MP_06_PT_01_mess;18
internal tags\ANA01_M_mess;internal tags\WKVOS_MP_06_PT_02_mess;19
internal tags\ANA01_M_mess;internal tags\WKVOS_MP_07_PT_01_mess;20
internal tags\ANA01_M_mess;internal tags\WKVOS_MP_07_PT_02_mess;21
internal tags\ANA01_M_mess;internal tags\WKVOS_MP_07_MV_01_mess;22
internal tags\ANA01_M_mess;internal tags\WKVOS_MP_07_MV_02_mess;23
internal tags\ANA01_M_mess;internal tags\WKVOS_MP_10_PT_01_mess;24
internal tags\ANA01_M_mess;internal tags\WKVOS_MP_10_PT_02_mess;25
internal tags\ANA01_M_mess;internal tags\WKVOS_MP_08_PT_01_mess;26
internal tags\ANA01_M_mess;internal tags\WKVOS_MP_08_PT_02_mess;27
internal tags\ANA01_M_mess;internal tags\WKVOS_MP_09_PT_01_mess;28
internal tags\ANA01_M_mess;internal tags\WKVOS_MP_09_PT_02_mess;29
internal tags\ANA01_M_mess;internal tags\WKVOS_MP_12_PT_01_mess;30
internal tags\ANA01_M_mess;internal tags\WKVOS_TC_01_LT_01_mess;31
internal tags\ANA01_M_mess;internal tags\WKVOS_TC_01_LT_02_mess;32
internal tags\ANA01_M_mess;internal tags\WKVOS_TC_01_LT_03_mess;33
internal tags\ANA01_M_mess;internal tags\WKVOS_TC_01_LT_04_mess;34
internal tags\ANA01_M_mess;internal tags\WKVOS_TC_01_LT_05_mess;35
internal tags\ANA01_M_mess;internal tags\WKVOS_TC_01_LT_06_mess;36
internal tags\ANA01_M_mess;internal tags\WKVOS_TC_01_FQ_01_mess;37
internal tags\AUX01_M_name;internal tags\WKVOS_TC_01_ES_21_name;0
internal tags\AUX01_M_name;internal tags\WKVOS_TC_01_ES_22_name;1
internal tags\AUX01_M_name;internal tags\WKVOS_TC_01_ES_23_name;2
internal tags\AUX01_M_name;internal tags\WKVOS_TC_01_ES_24_name;3
internal tags\AUX01_M_name;internal tags\WKVOS_TC_01_ES_25_name;4
internal tags\AUX01_M_name;internal tags\WKVOS_TC_01_ES_26_name;5
internal tags\MOT01_M_GW4;WKVOS_MP_01_ES_01\WKVOS_MP_01_ES_01_GW4;0
internal tags\MOT01_M_GW4;WKVOS_MP_02_ES_01\WKVOS_MP_02_ES_01_GW4;1
internal tags\MOT01_M_GW4;WKVOS_MP_03_ES_01\WKVOS_MP_03_ES_01_GW4;2
internal tags\MOT01_M_GW4;WKVOS_MP_04_ES_01\WKVOS_MP_04_ES_01_GW4;3
internal tags\MOT01_M_GW4;WKVOS_MP_05_ES_01\WKVOS_MP_05_ES_01_GW4;4
internal tags\MOT01_M_GW4;WKVOS_MP_06_ES_01\WKVOS_MP_06_ES_01_GW4;5
internal tags\MOT01_M_GW4;WKVOS_MP_07_ES_01\WKVOS_MP_07_ES_01_GW4;6
internal tags\MOT01_M_GW4;WKVOS_MP_08_ES_01\WKVOS_MP_08_ES_01_GW4;7
internal tags\MOT01_M_GW4;WKVOS_MP_09_ES_01\WKVOS_MP_09_ES_01_GW4;8
internal tags\MOT01_M_GW4;WKVOS_MP_10_ES_01\WKVOS_MP_10_ES_01_GW4;9
internal tags\MOT01_M_GW4;WKVOS_MP_12_ES_01\WKVOS_MP_12_ES_01_GW4;10
internal tags\MOT01_M_GW4;WKVOS_TC_01_ES_01\WKVOS_TC_01_ES_01_GW4;11
internal tags\MOT01_M_GW4;WKVOS_TC_01_ES_02\WKVOS_TC_01_ES_02_GW4;12
internal tags\MOT01_M_GW4;WKVOS_TC_01_ES_03\WKVOS_TC_01_ES_03_GW4;13
internal tags\MOT01_M_GW4;WKVOS_TC_01_ES_04\WKVOS_TC_01_ES_04_GW4;14
internal tags\MOT01_M_GW4;WKVOS_TC_01_ES_05\WKVOS_TC_01_ES_05_GW4;15
internal tags\MOT01_M_GW4;WKVOS_TC_01_ES_06\WKVOS_TC_01_ES_06_GW4;16
internal tags\MOT01_M_GW4;WKVOS_TC_01_ES_07\WKVOS_TC_01_ES_07_GW4;17
internal tags\MOT01_M_GW4;WKVOS_TC_01_ES_08\WKVOS_TC_01_ES_08_GW4;18
internal tags\MOT01_M_GW4;WKVOS_TC_01_ES_09\WKVOS_TC_01_ES_09_GW4;19
internal tags\MOT01_M_GW4;WKVOS_TC_01_ES_10\WKVOS_TC_01_ES_10_GW4;20
internal tags\MOT01_M_GW4;WKVOS_TC_01_ES_11\WKVOS_TC_01_ES_11_GW4;21
internal tags\MOT01_M_GW4;WKVOS_TC_01_ES_12\WKVOS_TC_01_ES_12_GW4;22
internal tags\ANA01_M_AH1;WKVOS_MP_01_PT_01\WKVOS_MP_01_PT_01_AH1;0
internal tags\ANA01_M_AH1;WKVOS_MP_01_PT_02\WKVOS_MP_01_PT_02_AH1;1
internal tags\ANA01_M_AH1;WKVOS_MP_01_SDV01\WKVOS_MP_01_SDV01_AH1;2
internal tags\ANA01_M_AH1;WKVOS_MP_01_MV_02\WKVOS_MP_01_MV_02_AH1;3
internal tags\ANA01_M_AH1;WKVOS_MP_03_PT_01\WKVOS_MP_03_PT_01_AH1;4
internal tags\ANA01_M_AH1;WKVOS_MP_03_PT_02\WKVOS_MP_03_PT_02_AH1;5
internal tags\ANA01_M_AH1;WKVOS_MP_02_PT_01\WKVOS_MP_02_PT_01_AH1;6
internal tags\ANA01_M_AH1;WKVOS_MP_02_PT_02\WKVOS_MP_02_PT_02_AH1;7
internal tags\ANA01_M_AH1;WKVOS_MP_02_SDV01\WKVOS_MP_02_SDV01_AH1;8
internal tags\ANA01_M_AH1;WKVOS_MP_02_MV_02\WKVOS_MP_02_MV_02_AH1;9
internal tags\ANA01_M_AH1;WKVOS_MP_04_PT_01\WKVOS_MP_04_PT_01_AH1;10
internal tags\ANA01_M_AH1;WKVOS_MP_04_PT_02\WKVOS_MP_04_PT_02_AH1;11
internal tags\ANA01_M_AH1;WKVOS_MP_05_PT_01\WKVOS_MP_05_PT_01_AH1;12
internal tags\ANA01_M_AH1;WKVOS_MP_05_PT_02\WKVOS_MP_05_PT_02_AH1;13
internal tags\ANA01_M_AH1;WKVOS_ADS01_IT_01\WKVOS_ADS01_IT_01_AH1;14
internal tags\ANA01_M_AH1;WKVOS_ADS01_ET_01\WKVOS_ADS01_ET_01_AH1;15
internal tags\ANA01_M_AH1;WKVOS_ADS02_IT_01\WKVOS_ADS02_IT_01_AH1;16
internal tags\ANA01_M_AH1;WKVOS_ADS02_ET_01\WKVOS_ADS02_ET_01_AH1;17
internal tags\ANA01_M_AH1;WKVOS_MP_06_PT_01\WKVOS_MP_06_PT_01_AH1;18
internal tags\ANA01_M_AH1;WKVOS_MP_06_PT_02\WKVOS_MP_06_PT_02_AH1;19
internal tags\ANA01_M_AH1;WKVOS_MP_07_PT_01\WKVOS_MP_07_PT_01_AH1;20
internal tags\ANA01_M_AH1;WKVOS_MP_07_PT_02\WKVOS_MP_07_PT_02_AH1;21
internal tags\ANA01_M_AH1;WKVOS_MP_07_MV_01\WKVOS_MP_07_MV_01_AH1;22
internal tags\ANA01_M_AH1;WKVOS_MP_07_MV_02\WKVOS_MP_07_MV_02_AH1;23
internal tags\ANA01_M_AH1;WKVOS_MP_10_PT_01\WKVOS_MP_10_PT_01_AH1;24
internal tags\ANA01_M_AH1;WKVOS_MP_10_PT_02\WKVOS_MP_10_PT_02_AH1;25
internal tags\ANA01_M_AH1;WKVOS_MP_08_PT_01\WKVOS_MP_08_PT_01_AH1;26
internal tags\ANA01_M_AH1;WKVOS_MP_08_PT_02\WKVOS_MP_08_PT_02_AH1;27
internal tags\ANA01_M_AH1;WKVOS_MP_09_PT_01\WKVOS_MP_09_PT_01_AH1;28
internal tags\ANA01_M_AH1;WKVOS_MP_09_PT_02\WKVOS_MP_09_PT_02_AH1;29
internal tags\ANA01_M_AH1;WKVOS_MP_12_PT_01\WKVOS_MP_12_PT_01_AH1;30
internal tags\ANA01_M_AH1;WKVOS_TC_01_LT_01\WKVOS_TC_01_LT_01_AH1;31
internal tags\ANA01_M_AH1;WKVOS_TC_01_LT_02\WKVOS_TC_01_LT_02_AH1;32
internal tags\ANA01_M_AH1;WKVOS_TC_01_LT_03\WKVOS_TC_01_LT_03_AH1;33
internal tags\ANA01_M_AH1;WKVOS_TC_01_LT_04\WKVOS_TC_01_LT_04_AH1;34
internal tags\ANA01_M_AH1;WKVOS_TC_01_LT_05\WKVOS_TC_01_LT_05_AH1;35
internal tags\ANA01_M_AH1;WKVOS_TC_01_LT_06\WKVOS_TC_01_LT_06_AH1;36
internal tags\ANA01_M_AH1;WKVOS_TC_01_FQ_01\WKVOS_TC_01_FQ_01_AH1;37
internal tags\ANA01_M_GW1;WKVOS_MP_01_PT_01\WKVOS_MP_01_PT_01_GW1;0
internal tags\ANA01_M_GW1;WKVOS_MP_01_PT_02\WKVOS_MP_01_PT_02_GW1;1
internal tags\ANA01_M_GW1;WKVOS_MP_01_SDV01\WKVOS_MP_01_SDV01_GW1;2
internal tags\ANA01_M_GW1;WKVOS_MP_01_MV_02\WKVOS_MP_01_MV_02_GW1;3
internal tags\ANA01_M_GW1;WKVOS_MP_03_PT_01\WKVOS_MP_03_PT_01_GW1;4
internal tags\ANA01_M_GW1;WKVOS_MP_03_PT_02\WKVOS_MP_03_PT_02_GW1;5
internal tags\ANA01_M_GW1;WKVOS_MP_02_PT_01\WKVOS_MP_02_PT_01_GW1;6
internal tags\ANA01_M_GW1;WKVOS_MP_02_PT_02\WKVOS_MP_02_PT_02_GW1;7
internal tags\ANA01_M_GW1;WKVOS_MP_02_SDV01\WKVOS_MP_02_SDV01_GW1;8
internal tags\ANA01_M_GW1;WKVOS_MP_02_MV_02\WKVOS_MP_02_MV_02_GW1;9
internal tags\ANA01_M_GW1;WKVOS_MP_04_PT_01\WKVOS_MP_04_PT_01_GW1;10
internal tags\ANA01_M_GW1;WKVOS_MP_04_PT_02\WKVOS_MP_04_PT_02_GW1;11
internal tags\ANA01_M_GW1;WKVOS_MP_05_PT_01\WKVOS_MP_05_PT_01_GW1;12
internal tags\ANA01_M_GW1;WKVOS_MP_05_PT_02\WKVOS_MP_05_PT_02_GW1;13
internal tags\ANA01_M_GW1;WKVOS_ADS01_IT_01\WKVOS_ADS01_IT_01_GW1;14
internal tags\ANA01_M_GW1;WKVOS_ADS01_ET_01\WKVOS_ADS01_ET_01_GW1;15
internal tags\ANA01_M_GW1;WKVOS_ADS02_IT_01\WKVOS_ADS02_IT_01_GW1;16
internal tags\ANA01_M_GW1;WKVOS_ADS02_ET_01\WKVOS_ADS02_ET_01_GW1;17
internal tags\ANA01_M_GW1;WKVOS_MP_06_PT_01\WKVOS_MP_06_PT_01_GW1;18
internal tags\ANA01_M_GW1;WKVOS_MP_06_PT_02\WKVOS_MP_06_PT_02_GW1;19
internal tags\ANA01_M_GW1;WKVOS_MP_07_PT_01\WKVOS_MP_07_PT_01_GW1;20
internal tags\ANA01_M_GW1;WKVOS_MP_07_PT_02\WKVOS_MP_07_PT_02_GW1;21
internal tags\ANA01_M_GW1;WKVOS_MP_07_MV_01\WKVOS_MP_07_MV_01_GW1;22
internal tags\ANA01_M_GW1;WKVOS_MP_07_MV_02\WKVOS_MP_07_MV_02_GW1;23
internal tags\ANA01_M_GW1;WKVOS_MP_10_PT_01\WKVOS_MP_10_PT_01_GW1;24
internal tags\ANA01_M_GW1;WKVOS_MP_10_PT_02\WKVOS_MP_10_PT_02_GW1;25
internal tags\ANA01_M_GW1;WKVOS_MP_08_PT_01\WKVOS_MP_08_PT_01_GW1;26
internal tags\ANA01_M_GW1;WKVOS_MP_08_PT_02\WKVOS_MP_08_PT_02_GW1;27
internal tags\ANA01_M_GW1;WKVOS_MP_09_PT_01\WKVOS_MP_09_PT_01_GW1;28
internal tags\ANA01_M_GW1;WKVOS_MP_09_PT_02\WKVOS_MP_09_PT_02_GW1;29
internal tags\ANA01_M_GW1;WKVOS_MP_12_PT_01\WKVOS_MP_12_PT_01_GW1;30
internal tags\ANA01_M_GW1;WKVOS_TC_01_LT_01\WKVOS_TC_01_LT_01_GW1;31
internal tags\ANA01_M_GW1;WKVOS_TC_01_LT_02\WKVOS_TC_01_LT_02_GW1;32
internal tags\ANA01_M_GW1;WKVOS_TC_01_LT_03\WKVOS_TC_01_LT_03_GW1;33
internal tags\ANA01_M_GW1;WKVOS_TC_01_LT_04\WKVOS_TC_01_LT_04_GW1;34
internal tags\ANA01_M_GW1;WKVOS_TC_01_LT_05\WKVOS_TC_01_LT_05_GW1;35
internal tags\ANA01_M_GW1;WKVOS_TC_01_LT_06\WKVOS_TC_01_LT_06_GW1;36
internal tags\ANA01_M_GW1;WKVOS_TC_01_FQ_01\WKVOS_TC_01_FQ_01_GW1;37
internal tags\DIAG01_M_mess;internal tags\WKVOS_SHP01_SL_01_mess;0
internal tags\DIAG01_M_mess;internal tags\WKVOS_SHP01_SL_11_mess;1
internal tags\DIAG01_M_mess;internal tags\WKVOS_SHP01_SL_12_mess;2
internal tags\DIAG01_M_mess;internal tags\WKVOS_SHP01_SL_13_mess;3
internal tags\DIAG01_M_mess;internal tags\WKVOS_SHP02_SL_21_mess;4
internal tags\DIAG01_M_mess;internal tags\WKVOS_SHP02_SL_22_mess;5
internal tags\DIAG01_M_mess;internal tags\WKVOS_SHP01_SL_41_mess;6
internal tags\MOV01_M_GW3;WKVOS_MP_00_MOV01\WKVOS_MP_00_MOV01_GW3;0
internal tags\MOV01_M_GW3;WKVOS_MP_00_MOV02\WKVOS_MP_00_MOV02_GW3;1
internal tags\MOV01_M_GW3;WKVOS_MP_00_MOV03\WKVOS_MP_00_MOV03_GW3;2
internal tags\MOV01_M_GW3;WKVOS_MP_00_MOV04\WKVOS_MP_00_MOV04_GW3;3
internal tags\MOV01_M_GW3;WKVOS_MP_00_MOV05\WKVOS_MP_00_MOV05_GW3;4
internal tags\MOV01_M_GW3;WKVOS_MP_00_MOV06\WKVOS_MP_00_MOV06_GW3;5
internal tags\MOV01_M_GW3;WKVOS_MP_00_MOV07\WKVOS_MP_00_MOV07_GW3;6
internal tags\MOV01_M_GW3;WKVOS_MP_00_MOV08\WKVOS_MP_00_MOV08_GW3;7
internal tags\MOV01_M_GW3;WKVOS_MP_00_MOV09\WKVOS_MP_00_MOV09_GW3;8
internal tags\MOV01_M_GW3;WKVOS_MP_00_MOV10\WKVOS_MP_00_MOV10_GW3;9
internal tags\MOV01_M_GW3;WKVOS_MP_00_MOV11\WKVOS_MP_00_MOV11_GW3;10
internal tags\MOV01_M_GW3;WKVOS_MP_00_MOV12\WKVOS_MP_00_MOV12_GW3;11
internal tags\MOV01_M_GW3;WKVOS_MP_00_MOV13\WKVOS_MP_00_MOV13_GW3;12
internal tags\MOV01_M_GW3;WKVOS_MP_00_MOV14\WKVOS_MP_00_MOV14_GW3;13
internal tags\MOV01_M_GW3;WKVOS_MP_01_MOV01\WKVOS_MP_01_MOV01_GW3;14
internal tags\MOV01_M_GW3;WKVOS_MP_01_MOV02\WKVOS_MP_01_MOV02_GW3;15
internal tags\MOV01_M_GW3;WKVOS_MP_02_MOV01\WKVOS_MP_02_MOV01_GW3;16
internal tags\MOV01_M_GW3;WKVOS_MP_02_MOV02\WKVOS_MP_02_MOV02_GW3;17
internal tags\MOV01_M_GW3;WKVOS_MP_03_MOV01\WKVOS_MP_03_MOV01_GW3;18
internal tags\MOV01_M_GW3;WKVOS_MP_03_MOV02\WKVOS_MP_03_MOV02_GW3;19
internal tags\MOV01_M_GW3;WKVOS_MP_04_MOV01\WKVOS_MP_04_MOV01_GW3;20
internal tags\MOV01_M_GW3;WKVOS_MP_04_MOV02\WKVOS_MP_04_MOV02_GW3;21
internal tags\MOV01_M_GW3;WKVOS_MP_05_MOV01\WKVOS_MP_05_MOV01_GW3;22
internal tags\MOV01_M_GW3;WKVOS_MP_05_MOV02\WKVOS_MP_05_MOV02_GW3;23
internal tags\MOV01_M_GW3;WKVOS_MP_06_MOV01\WKVOS_MP_06_MOV01_GW3;24
internal tags\MOV01_M_GW3;WKVOS_MP_06_MOV02\WKVOS_MP_06_MOV02_GW3;25
internal tags\MOV01_M_GW3;WKVOS_MP_07_MOV01\WKVOS_MP_07_MOV01_GW3;26
internal tags\MOV01_M_GW3;WKVOS_MP_07_MOV02\WKVOS_MP_07_MOV02_GW3;27
internal tags\MOV01_M_GW3;WKVOS_MP_08_MOV01\WKVOS_MP_08_MOV01_GW3;28
internal tags\MOV01_M_GW3;WKVOS_MP_08_MOV02\WKVOS_MP_08_MOV02_GW3;29
internal tags\MOV01_M_GW3;WKVOS_MP_09_MOV01\WKVOS_MP_09_MOV01_GW3;30
internal tags\MOV01_M_GW3;WKVOS_MP_09_MOV02\WKVOS_MP_09_MOV02_GW3;31
internal tags\MOV01_M_GW3;WKVOS_MP_10_MOV01\WKVOS_MP_10_MOV01_GW3;32
internal tags\MOV01_M_GW3;WKVOS_MP_10_MOV02\WKVOS_MP_10_MOV02_GW3;33
internal tags\DIAG01_M_GW1;WKVOS_SHP01_SL_01\WKVOS_SHP01_SL_01_GW1;0
internal tags\DIAG01_M_GW1;WKVOS_SHP01_SL_11\WKVOS_SHP01_SL_11_GW1;1
internal tags\DIAG01_M_GW1;WKVOS_SHP01_SL_12\WKVOS_SHP01_SL_12_GW1;2
internal tags\DIAG01_M_GW1;WKVOS_SHP01_SL_13\WKVOS_SHP01_SL_13_GW1;3
internal tags\DIAG01_M_GW1;WKVOS_SHP02_SL_21\WKVOS_SHP02_SL_21_GW1;4
internal tags\DIAG01_M_GW1;WKVOS_SHP02_SL_22\WKVOS_SHP02_SL_22_GW1;5
internal tags\DIAG01_M_GW1;WKVOS_SHP01_SL_41\WKVOS_SHP01_SL_41_GW1;6
internal tags\MOV01_M_mess;internal tags\WKVOS_MP_00_MOV01_mess;0
internal tags\MOV01_M_mess;internal tags\WKVOS_MP_00_MOV02_mess;1
internal tags\MOV01_M_mess;internal tags\WKVOS_MP_00_MOV03_mess;2
internal tags\MOV01_M_mess;internal tags\WKVOS_MP_00_MOV04_mess;3
internal tags\MOV01_M_mess;internal tags\WKVOS_MP_00_MOV05_mess;4
internal tags\MOV01_M_mess;internal tags\WKVOS_MP_00_MOV06_mess;5
internal tags\MOV01_M_mess;internal tags\WKVOS_MP_00_MOV07_mess;6
internal tags\MOV01_M_mess;internal tags\WKVOS_MP_00_MOV08_mess;7
internal tags\MOV01_M_mess;internal tags\WKVOS_MP_00_MOV09_mess;8
internal tags\MOV01_M_mess;internal tags\WKVOS_MP_00_MOV10_mess;9
internal tags\MOV01_M_mess;internal tags\WKVOS_MP_00_MOV11_mess;10
internal tags\MOV01_M_mess;internal tags\WKVOS_MP_00_MOV12_mess;11
internal tags\MOV01_M_mess;internal tags\WKVOS_MP_00_MOV13_mess;12
internal tags\MOV01_M_mess;internal tags\WKVOS_MP_00_MOV14_mess;13
internal tags\MOV01_M_mess;internal tags\WKVOS_MP_01_MOV01_mess;14
internal tags\MOV01_M_mess;internal tags\WKVOS_MP_01_MOV02_mess;15
internal tags\MOV01_M_mess;internal tags\WKVOS_MP_02_MOV01_mess;16
internal tags\MOV01_M_mess;internal tags\WKVOS_MP_02_MOV02_mess;17
internal tags\MOV01_M_mess;internal tags\WKVOS_MP_03_MOV01_mess;18
internal tags\MOV01_M_mess;internal tags\WKVOS_MP_03_MOV02_mess;19
internal tags\MOV01_M_mess;internal tags\WKVOS_MP_04_MOV01_mess;20
internal tags\MOV01_M_mess;internal tags\WKVOS_MP_04_MOV02_mess;21
internal tags\MOV01_M_mess;internal tags\WKVOS_MP_05_MOV01_mess;22
internal tags\MOV01_M_mess;internal tags\WKVOS_MP_05_MOV02_mess;23
internal tags\MOV01_M_mess;internal tags\WKVOS_MP_06_MOV01_mess;24
internal tags\MOV01_M_mess;internal tags\WKVOS_MP_06_MOV02_mess;25
internal tags\MOV01_M_mess;internal tags\WKVOS_MP_07_MOV01_mess;26
internal tags\MOV01_M_mess;internal tags\WKVOS_MP_07_MOV02_mess;27
internal tags\MOV01_M_mess;internal tags\WKVOS_MP_08_MOV01_mess;28
internal tags\MOV01_M_mess;internal tags\WKVOS_MP_08_MOV02_mess;29
internal tags\MOV01_M_mess;internal tags\WKVOS_MP_09_MOV01_mess;30
internal tags\MOV01_M_mess;internal tags\WKVOS_MP_09_MOV02_mess;31
internal tags\MOV01_M_mess;internal tags\WKVOS_MP_10_MOV01_mess;32
internal tags\MOV01_M_mess;internal tags\WKVOS_MP_10_MOV02_mess;33
internal tags\DIAG01_M_GW3;WKVOS_SHP01_SL_01\WKVOS_SHP01_SL_01_GW3;0
internal tags\DIAG01_M_GW3;WKVOS_SHP01_SL_11\WKVOS_SHP01_SL_11_GW3;1
internal tags\DIAG01_M_GW3;WKVOS_SHP01_SL_12\WKVOS_SHP01_SL_12_GW3;2
internal tags\DIAG01_M_GW3;WKVOS_SHP01_SL_13\WKVOS_SHP01_SL_13_GW3;3
internal tags\DIAG01_M_GW3;WKVOS_SHP02_SL_21\WKVOS_SHP02_SL_21_GW3;4
internal tags\DIAG01_M_GW3;WKVOS_SHP02_SL_22\WKVOS_SHP02_SL_22_GW3;5
internal tags\DIAG01_M_GW3;WKVOS_SHP01_SL_41\WKVOS_SHP01_SL_41_GW3;6
internal tags\ANA01_M_AVJ;WKVOS_MP_01_PT_01\WKVOS_MP_01_PT_01_AVJ;0
internal tags\ANA01_M_AVJ;WKVOS_MP_01_PT_02\WKVOS_MP_01_PT_02_AVJ;1
internal tags\ANA01_M_AVJ;WKVOS_MP_01_SDV01\WKVOS_MP_01_SDV01_AVJ;2
internal tags\ANA01_M_AVJ;WKVOS_MP_01_MV_02\WKVOS_MP_01_MV_02_AVJ;3
internal tags\ANA01_M_AVJ;WKVOS_MP_03_PT_01\WKVOS_MP_03_PT_01_AVJ;4
internal tags\ANA01_M_AVJ;WKVOS_MP_03_PT_02\WKVOS_MP_03_PT_02_AVJ;5
internal tags\ANA01_M_AVJ;WKVOS_MP_02_PT_01\WKVOS_MP_02_PT_01_AVJ;6
internal tags\ANA01_M_AVJ;WKVOS_MP_02_PT_02\WKVOS_MP_02_PT_02_AVJ;7
internal tags\ANA01_M_AVJ;WKVOS_MP_02_SDV01\WKVOS_MP_02_SDV01_AVJ;8
internal tags\ANA01_M_AVJ;WKVOS_MP_02_MV_02\WKVOS_MP_02_MV_02_AVJ;9
internal tags\ANA01_M_AVJ;WKVOS_MP_04_PT_01\WKVOS_MP_04_PT_01_AVJ;10
internal tags\ANA01_M_AVJ;WKVOS_MP_04_PT_02\WKVOS_MP_04_PT_02_AVJ;11
internal tags\ANA01_M_AVJ;WKVOS_MP_05_PT_01\WKVOS_MP_05_PT_01_AVJ;12
internal tags\ANA01_M_AVJ;WKVOS_MP_05_PT_02\WKVOS_MP_05_PT_02_AVJ;13
internal tags\ANA01_M_AVJ;WKVOS_ADS01_IT_01\WKVOS_ADS01_IT_01_AVJ;14
internal tags\ANA01_M_AVJ;WKVOS_ADS01_ET_01\WKVOS_ADS01_ET_01_AVJ;15
internal tags\ANA01_M_AVJ;WKVOS_ADS02_IT_01\WKVOS_ADS02_IT_01_AVJ;16
internal tags\ANA01_M_AVJ;WKVOS_ADS02_ET_01\WKVOS_ADS02_ET_01_AVJ;17
internal tags\ANA01_M_AVJ;WKVOS_MP_06_PT_01\WKVOS_MP_06_PT_01_AVJ;18
internal tags\ANA01_M_AVJ;WKVOS_MP_06_PT_02\WKVOS_MP_06_PT_02_AVJ;19
internal tags\ANA01_M_AVJ;WKVOS_MP_07_PT_01\WKVOS_MP_07_PT_01_AVJ;20
internal tags\ANA01_M_AVJ;WKVOS_MP_07_PT_02\WKVOS_MP_07_PT_02_AVJ;21
internal tags\ANA01_M_AVJ;WKVOS_MP_07_MV_01\WKVOS_MP_07_MV_01_AVJ;22
internal tags\ANA01_M_AVJ;WKVOS_MP_07_MV_02\WKVOS_MP_07_MV_02_AVJ;23
internal tags\ANA01_M_AVJ;WKVOS_MP_10_PT_01\WKVOS_MP_10_PT_01_AVJ;24
internal tags\ANA01_M_AVJ;WKVOS_MP_10_PT_02\WKVOS_MP_10_PT_02_AVJ;25
internal tags\ANA01_M_AVJ;WKVOS_MP_08_PT_01\WKVOS_MP_08_PT_01_AVJ;26
internal tags\ANA01_M_AVJ;WKVOS_MP_08_PT_02\WKVOS_MP_08_PT_02_AVJ;27
internal tags\ANA01_M_AVJ;WKVOS_MP_09_PT_01\WKVOS_MP_09_PT_01_AVJ;28
internal tags\ANA01_M_AVJ;WKVOS_MP_09_PT_02\WKVOS_MP_09_PT_02_AVJ;29
internal tags\ANA01_M_AVJ;WKVOS_MP_12_PT_01\WKVOS_MP_12_PT_01_AVJ;30
internal tags\ANA01_M_AVJ;WKVOS_TC_01_LT_01\WKVOS_TC_01_LT_01_AVJ;31
internal tags\ANA01_M_AVJ;WKVOS_TC_01_LT_02\WKVOS_TC_01_LT_02_AVJ;32
internal tags\ANA01_M_AVJ;WKVOS_TC_01_LT_03\WKVOS_TC_01_LT_03_AVJ;33
internal tags\ANA01_M_AVJ;WKVOS_TC_01_LT_04\WKVOS_TC_01_LT_04_AVJ;34
internal tags\ANA01_M_AVJ;WKVOS_TC_01_LT_05\WKVOS_TC_01_LT_05_AVJ;35
internal tags\ANA01_M_AVJ;WKVOS_TC_01_LT_06\WKVOS_TC_01_LT_06_AVJ;36
internal tags\ANA01_M_AVJ;WKVOS_TC_01_FQ_01\WKVOS_TC_01_FQ_01_AVJ;37
internal tags\MOV01_M_GW1;WKVOS_MP_00_MOV01\WKVOS_MP_00_MOV01_GW1;0
internal tags\MOV01_M_GW1;WKVOS_MP_00_MOV02\WKVOS_MP_00_MOV02_GW1;1
internal tags\MOV01_M_GW1;WKVOS_MP_00_MOV03\WKVOS_MP_00_MOV03_GW1;2
internal tags\MOV01_M_GW1;WKVOS_MP_00_MOV04\WKVOS_MP_00_MOV04_GW1;3
internal tags\MOV01_M_GW1;WKVOS_MP_00_MOV05\WKVOS_MP_00_MOV05_GW1;4
internal tags\MOV01_M_GW1;WKVOS_MP_00_MOV06\WKVOS_MP_00_MOV06_GW1;5
internal tags\MOV01_M_GW1;WKVOS_MP_00_MOV07\WKVOS_MP_00_MOV07_GW1;6
internal tags\MOV01_M_GW1;WKVOS_MP_00_MOV08\WKVOS_MP_00_MOV08_GW1;7
internal tags\MOV01_M_GW1;WKVOS_MP_00_MOV09\WKVOS_MP_00_MOV09_GW1;8
internal tags\MOV01_M_GW1;WKVOS_MP_00_MOV10\WKVOS_MP_00_MOV10_GW1;9
internal tags\MOV01_M_GW1;WKVOS_MP_00_MOV11\WKVOS_MP_00_MOV11_GW1;10
internal tags\MOV01_M_GW1;WKVOS_MP_00_MOV12\WKVOS_MP_00_MOV12_GW1;11
internal tags\MOV01_M_GW1;WKVOS_MP_00_MOV13\WKVOS_MP_00_MOV13_GW1;12
internal tags\MOV01_M_GW1;WKVOS_MP_00_MOV14\WKVOS_MP_00_MOV14_GW1;13
internal tags\MOV01_M_GW1;WKVOS_MP_01_MOV01\WKVOS_MP_01_MOV01_GW1;14
internal tags\MOV01_M_GW1;WKVOS_MP_01_MOV02\WKVOS_MP_01_MOV02_GW1;15
internal tags\MOV01_M_GW1;WKVOS_MP_02_MOV01\WKVOS_MP_02_MOV01_GW1;16
internal tags\MOV01_M_GW1;WKVOS_MP_02_MOV02\WKVOS_MP_02_MOV02_GW1;17
internal tags\MOV01_M_GW1;WKVOS_MP_03_MOV01\WKVOS_MP_03_MOV01_GW1;18
internal tags\MOV01_M_GW1;WKVOS_MP_03_MOV02\WKVOS_MP_03_MOV02_GW1;19
internal tags\MOV01_M_GW1;WKVOS_MP_04_MOV01\WKVOS_MP_04_MOV01_GW1;20
internal tags\MOV01_M_GW1;WKVOS_MP_04_MOV02\WKVOS_MP_04_MOV02_GW1;21
internal tags\MOV01_M_GW1;WKVOS_MP_05_MOV01\WKVOS_MP_05_MOV01_GW1;22
internal tags\MOV01_M_GW1;WKVOS_MP_05_MOV02\WKVOS_MP_05_MOV02_GW1;23
internal tags\MOV01_M_GW1;WKVOS_MP_06_MOV01\WKVOS_MP_06_MOV01_GW1;24
internal tags\MOV01_M_GW1;WKVOS_MP_06_MOV02\WKVOS_MP_06_MOV02_GW1;25
internal tags\MOV01_M_GW1;WKVOS_MP_07_MOV01\WKVOS_MP_07_MOV01_GW1;26
internal tags\MOV01_M_GW1;WKVOS_MP_07_MOV02\WKVOS_MP_07_MOV02_GW1;27
internal tags\MOV01_M_GW1;WKVOS_MP_08_MOV01\WKVOS_MP_08_MOV01_GW1;28
internal tags\MOV01_M_GW1;WKVOS_MP_08_MOV02\WKVOS_MP_08_MOV02_GW1;29
internal tags\MOV01_M_GW1;WKVOS_MP_09_MOV01\WKVOS_MP_09_MOV01_GW1;30
internal tags\MOV01_M_GW1;WKVOS_MP_09_MOV02\WKVOS_MP_09_MOV02_GW1;31
internal tags\MOV01_M_GW1;WKVOS_MP_10_MOV01\WKVOS_MP_10_MOV01_GW1;32
internal tags\MOV01_M_GW1;WKVOS_MP_10_MOV02\WKVOS_MP_10_MOV02_GW1;33
internal tags\DIAG01_M_GW4;WKVOS_SHP01_SL_01\WKVOS_SHP01_SL_01_GW4;0
internal tags\DIAG01_M_GW4;WKVOS_SHP01_SL_11\WKVOS_SHP01_SL_11_GW4;1
internal tags\DIAG01_M_GW4;WKVOS_SHP01_SL_12\WKVOS_SHP01_SL_12_GW4;2
internal tags\DIAG01_M_GW4;WKVOS_SHP01_SL_13\WKVOS_SHP01_SL_13_GW4;3
internal tags\DIAG01_M_GW4;WKVOS_SHP02_SL_21\WKVOS_SHP02_SL_21_GW4;4
internal tags\DIAG01_M_GW4;WKVOS_SHP02_SL_22\WKVOS_SHP02_SL_22_GW4;5
internal tags\DIAG01_M_GW4;WKVOS_SHP01_SL_41\WKVOS_SHP01_SL_41_GW4;6
internal tags\AUX01_M_mess;internal tags\WKVOS_TC_01_ES_21_mess;0
internal tags\AUX01_M_mess;internal tags\WKVOS_TC_01_ES_22_mess;1
internal tags\AUX01_M_mess;internal tags\WKVOS_TC_01_ES_23_mess;2
internal tags\AUX01_M_mess;internal tags\WKVOS_TC_01_ES_24_mess;3
internal tags\AUX01_M_mess;internal tags\WKVOS_TC_01_ES_25_mess;4
internal tags\AUX01_M_mess;internal tags\WKVOS_TC_01_ES_26_mess;5
internal tags\MOV01_M_GW2;WKVOS_MP_00_MOV01\WKVOS_MP_00_MOV01_GW2;0
internal tags\MOV01_M_GW2;WKVOS_MP_00_MOV02\WKVOS_MP_00_MOV02_GW2;1
internal tags\MOV01_M_GW2;WKVOS_MP_00_MOV03\WKVOS_MP_00_MOV03_GW2;2
internal tags\MOV01_M_GW2;WKVOS_MP_00_MOV04\WKVOS_MP_00_MOV04_GW2;3
internal tags\MOV01_M_GW2;WKVOS_MP_00_MOV05\WKVOS_MP_00_MOV05_GW2;4
internal tags\MOV01_M_GW2;WKVOS_MP_00_MOV06\WKVOS_MP_00_MOV06_GW2;5
internal tags\MOV01_M_GW2;WKVOS_MP_00_MOV07\WKVOS_MP_00_MOV07_GW2;6
internal tags\MOV01_M_GW2;WKVOS_MP_00_MOV08\WKVOS_MP_00_MOV08_GW2;7
internal tags\MOV01_M_GW2;WKVOS_MP_00_MOV09\WKVOS_MP_00_MOV09_GW2;8
internal tags\MOV01_M_GW2;WKVOS_MP_00_MOV10\WKVOS_MP_00_MOV10_GW2;9
internal tags\MOV01_M_GW2;WKVOS_MP_00_MOV11\WKVOS_MP_00_MOV11_GW2;10
internal tags\MOV01_M_GW2;WKVOS_MP_00_MOV12\WKVOS_MP_00_MOV12_GW2;11
internal tags\MOV01_M_GW2;WKVOS_MP_00_MOV13\WKVOS_MP_00_MOV13_GW2;12
internal tags\MOV01_M_GW2;WKVOS_MP_00_MOV14\WKVOS_MP_00_MOV14_GW2;13
internal tags\MOV01_M_GW2;WKVOS_MP_01_MOV01\WKVOS_MP_01_MOV01_GW2;14
internal tags\MOV01_M_GW2;WKVOS_MP_01_MOV02\WKVOS_MP_01_MOV02_GW2;15
internal tags\MOV01_M_GW2;WKVOS_MP_02_MOV01\WKVOS_MP_02_MOV01_GW2;16
internal tags\MOV01_M_GW2;WKVOS_MP_02_MOV02\WKVOS_MP_02_MOV02_GW2;17
internal tags\MOV01_M_GW2;WKVOS_MP_03_MOV01\WKVOS_MP_03_MOV01_GW2;18
internal tags\MOV01_M_GW2;WKVOS_MP_03_MOV02\WKVOS_MP_03_MOV02_GW2;19
internal tags\MOV01_M_GW2;WKVOS_MP_04_MOV01\WKVOS_MP_04_MOV01_GW2;20
internal tags\MOV01_M_GW2;WKVOS_MP_04_MOV02\WKVOS_MP_04_MOV02_GW2;21
internal tags\MOV01_M_GW2;WKVOS_MP_05_MOV01\WKVOS_MP_05_MOV01_GW2;22
internal tags\MOV01_M_GW2;WKVOS_MP_05_MOV02\WKVOS_MP_05_MOV02_GW2;23
internal tags\MOV01_M_GW2;WKVOS_MP_06_MOV01\WKVOS_MP_06_MOV01_GW2;24
internal tags\MOV01_M_GW2;WKVOS_MP_06_MOV02\WKVOS_MP_06_MOV02_GW2;25
internal tags\MOV01_M_GW2;WKVOS_MP_07_MOV01\WKVOS_MP_07_MOV01_GW2;26
internal tags\MOV01_M_GW2;WKVOS_MP_07_MOV02\WKVOS_MP_07_MOV02_GW2;27
internal tags\MOV01_M_GW2;WKVOS_MP_08_MOV01\WKVOS_MP_08_MOV01_GW2;28
internal tags\MOV01_M_GW2;WKVOS_MP_08_MOV02\WKVOS_MP_08_MOV02_GW2;29
internal tags\MOV01_M_GW2;WKVOS_MP_09_MOV01\WKVOS_MP_09_MOV01_GW2;30
internal tags\MOV01_M_GW2;WKVOS_MP_09_MOV02\WKVOS_MP_09_MOV02_GW2;31
internal tags\MOV01_M_GW2;WKVOS_MP_10_MOV01\WKVOS_MP_10_MOV01_GW2;32
internal tags\MOV01_M_GW2;WKVOS_MP_10_MOV02\WKVOS_MP_10_MOV02_GW2;33
internal tags\ANA01_M_AVL3;WKVOS_MP_01_PT_01\WKVOS_MP_01_PT_01_AVL3;0
internal tags\ANA01_M_AVL3;WKVOS_MP_01_PT_02\WKVOS_MP_01_PT_02_AVL3;1
internal tags\ANA01_M_AVL3;WKVOS_MP_01_SDV01\WKVOS_MP_01_SDV01_AVL3;2
internal tags\ANA01_M_AVL3;WKVOS_MP_01_MV_02\WKVOS_MP_01_MV_02_AVL3;3
internal tags\ANA01_M_AVL3;WKVOS_MP_03_PT_01\WKVOS_MP_03_PT_01_AVL3;4
internal tags\ANA01_M_AVL3;WKVOS_MP_03_PT_02\WKVOS_MP_03_PT_02_AVL3;5
internal tags\ANA01_M_AVL3;WKVOS_MP_02_PT_01\WKVOS_MP_02_PT_01_AVL3;6
internal tags\ANA01_M_AVL3;WKVOS_MP_02_PT_02\WKVOS_MP_02_PT_02_AVL3;7
internal tags\ANA01_M_AVL3;WKVOS_MP_02_SDV01\WKVOS_MP_02_SDV01_AVL3;8
internal tags\ANA01_M_AVL3;WKVOS_MP_02_MV_02\WKVOS_MP_02_MV_02_AVL3;9
internal tags\ANA01_M_AVL3;WKVOS_MP_04_PT_01\WKVOS_MP_04_PT_01_AVL3;10
internal tags\ANA01_M_AVL3;WKVOS_MP_04_PT_02\WKVOS_MP_04_PT_02_AVL3;11
internal tags\ANA01_M_AVL3;WKVOS_MP_05_PT_01\WKVOS_MP_05_PT_01_AVL3;12
internal tags\ANA01_M_AVL3;WKVOS_MP_05_PT_02\WKVOS_MP_05_PT_02_AVL3;13
internal tags\ANA01_M_AVL3;WKVOS_ADS01_IT_01\WKVOS_ADS01_IT_01_AVL3;14
internal tags\ANA01_M_AVL3;WKVOS_ADS01_ET_01\WKVOS_ADS01_ET_01_AVL3;15
internal tags\ANA01_M_AVL3;WKVOS_ADS02_IT_01\WKVOS_ADS02_IT_01_AVL3;16
internal tags\ANA01_M_AVL3;WKVOS_ADS02_ET_01\WKVOS_ADS02_ET_01_AVL3;17
internal tags\ANA01_M_AVL3;WKVOS_MP_06_PT_01\WKVOS_MP_06_PT_01_AVL3;18
internal tags\ANA01_M_AVL3;WKVOS_MP_06_PT_02\WKVOS_MP_06_PT_02_AVL3;19
internal tags\ANA01_M_AVL3;WKVOS_MP_07_PT_01\WKVOS_MP_07_PT_01_AVL3;20
internal tags\ANA01_M_AVL3;WKVOS_MP_07_PT_02\WKVOS_MP_07_PT_02_AVL3;21
internal tags\ANA01_M_AVL3;WKVOS_MP_07_MV_01\WKVOS_MP_07_MV_01_AVL3;22
internal tags\ANA01_M_AVL3;WKVOS_MP_07_MV_02\WKVOS_MP_07_MV_02_AVL3;23
internal tags\ANA01_M_AVL3;WKVOS_MP_10_PT_01\WKVOS_MP_10_PT_01_AVL3;24
internal tags\ANA01_M_AVL3;WKVOS_MP_10_PT_02\WKVOS_MP_10_PT_02_AVL3;25
internal tags\ANA01_M_AVL3;WKVOS_MP_08_PT_01\WKVOS_MP_08_PT_01_AVL3;26
internal tags\ANA01_M_AVL3;WKVOS_MP_08_PT_02\WKVOS_MP_08_PT_02_AVL3;27
internal tags\ANA01_M_AVL3;WKVOS_MP_09_PT_01\WKVOS_MP_09_PT_01_AVL3;28
internal tags\ANA01_M_AVL3;WKVOS_MP_09_PT_02\WKVOS_MP_09_PT_02_AVL3;29
internal tags\ANA01_M_AVL3;WKVOS_MP_12_PT_01\WKVOS_MP_12_PT_01_AVL3;30
internal tags\ANA01_M_AVL3;WKVOS_TC_01_LT_01\WKVOS_TC_01_LT_01_AVL3;31
internal tags\ANA01_M_AVL3;WKVOS_TC_01_LT_02\WKVOS_TC_01_LT_02_AVL3;32
internal tags\ANA01_M_AVL3;WKVOS_TC_01_LT_03\WKVOS_TC_01_LT_03_AVL3;33
internal tags\ANA01_M_AVL3;WKVOS_TC_01_LT_04\WKVOS_TC_01_LT_04_AVL3;34
internal tags\ANA01_M_AVL3;WKVOS_TC_01_LT_05\WKVOS_TC_01_LT_05_AVL3;35
internal tags\ANA01_M_AVL3;WKVOS_TC_01_LT_06\WKVOS_TC_01_LT_06_AVL3;36
internal tags\ANA01_M_AVL3;WKVOS_TC_01_FQ_01\WKVOS_TC_01_FQ_01_AVL3;37
internal tags\MOT01_M_GW2;WKVOS_MP_01_ES_01\WKVOS_MP_01_ES_01_GW2;0
internal tags\MOT01_M_GW2;WKVOS_MP_02_ES_01\WKVOS_MP_02_ES_01_GW2;1
internal tags\MOT01_M_GW2;WKVOS_MP_03_ES_01\WKVOS_MP_03_ES_01_GW2;2
internal tags\MOT01_M_GW2;WKVOS_MP_04_ES_01\WKVOS_MP_04_ES_01_GW2;3
internal tags\MOT01_M_GW2;WKVOS_MP_05_ES_01\WKVOS_MP_05_ES_01_GW2;4
internal tags\MOT01_M_GW2;WKVOS_MP_06_ES_01\WKVOS_MP_06_ES_01_GW2;5
internal tags\MOT01_M_GW2;WKVOS_MP_07_ES_01\WKVOS_MP_07_ES_01_GW2;6
internal tags\MOT01_M_GW2;WKVOS_MP_08_ES_01\WKVOS_MP_08_ES_01_GW2;7
internal tags\MOT01_M_GW2;WKVOS_MP_09_ES_01\WKVOS_MP_09_ES_01_GW2;8
internal tags\MOT01_M_GW2;WKVOS_MP_10_ES_01\WKVOS_MP_10_ES_01_GW2;9
internal tags\MOT01_M_GW2;WKVOS_MP_12_ES_01\WKVOS_MP_12_ES_01_GW2;10
internal tags\MOT01_M_GW2;WKVOS_TC_01_ES_01\WKVOS_TC_01_ES_01_GW2;11
internal tags\MOT01_M_GW2;WKVOS_TC_01_ES_02\WKVOS_TC_01_ES_02_GW2;12
internal tags\MOT01_M_GW2;WKVOS_TC_01_ES_03\WKVOS_TC_01_ES_03_GW2;13
internal tags\MOT01_M_GW2;WKVOS_TC_01_ES_04\WKVOS_TC_01_ES_04_GW2;14
internal tags\MOT01_M_GW2;WKVOS_TC_01_ES_05\WKVOS_TC_01_ES_05_GW2;15
internal tags\MOT01_M_GW2;WKVOS_TC_01_ES_06\WKVOS_TC_01_ES_06_GW2;16
internal tags\MOT01_M_GW2;WKVOS_TC_01_ES_07\WKVOS_TC_01_ES_07_GW2;17
internal tags\MOT01_M_GW2;WKVOS_TC_01_ES_08\WKVOS_TC_01_ES_08_GW2;18
internal tags\MOT01_M_GW2;WKVOS_TC_01_ES_09\WKVOS_TC_01_ES_09_GW2;19
internal tags\MOT01_M_GW2;WKVOS_TC_01_ES_10\WKVOS_TC_01_ES_10_GW2;20
internal tags\MOT01_M_GW2;WKVOS_TC_01_ES_11\WKVOS_TC_01_ES_11_GW2;21
internal tags\MOT01_M_GW2;WKVOS_TC_01_ES_12\WKVOS_TC_01_ES_12_GW2;22
internal tags\DIAG01_M_GW2;WKVOS_SHP01_SL_01\WKVOS_SHP01_SL_01_GW2;0
internal tags\DIAG01_M_GW2;WKVOS_SHP01_SL_11\WKVOS_SHP01_SL_11_GW2;1
internal tags\DIAG01_M_GW2;WKVOS_SHP01_SL_12\WKVOS_SHP01_SL_12_GW2;2
internal tags\DIAG01_M_GW2;WKVOS_SHP01_SL_13\WKVOS_SHP01_SL_13_GW2;3
internal tags\DIAG01_M_GW2;WKVOS_SHP02_SL_21\WKVOS_SHP02_SL_21_GW2;4
internal tags\DIAG01_M_GW2;WKVOS_SHP02_SL_22\WKVOS_SHP02_SL_22_GW2;5
internal tags\DIAG01_M_GW2;WKVOS_SHP01_SL_41\WKVOS_SHP01_SL_41_GW2;6
internal tags\MOT01_M_GW1;WKVOS_MP_01_ES_01\WKVOS_MP_01_ES_01_GW1;0
internal tags\MOT01_M_GW1;WKVOS_MP_02_ES_01\WKVOS_MP_02_ES_01_GW1;1
internal tags\MOT01_M_GW1;WKVOS_MP_03_ES_01\WKVOS_MP_03_ES_01_GW1;2
internal tags\MOT01_M_GW1;WKVOS_MP_04_ES_01\WKVOS_MP_04_ES_01_GW1;3
internal tags\MOT01_M_GW1;WKVOS_MP_05_ES_01\WKVOS_MP_05_ES_01_GW1;4
internal tags\MOT01_M_GW1;WKVOS_MP_06_ES_01\WKVOS_MP_06_ES_01_GW1;5
internal tags\MOT01_M_GW1;WKVOS_MP_07_ES_01\WKVOS_MP_07_ES_01_GW1;6
internal tags\MOT01_M_GW1;WKVOS_MP_08_ES_01\WKVOS_MP_08_ES_01_GW1;7
internal tags\MOT01_M_GW1;WKVOS_MP_09_ES_01\WKVOS_MP_09_ES_01_GW1;8
internal tags\MOT01_M_GW1;WKVOS_MP_10_ES_01\WKVOS_MP_10_ES_01_GW1;9
internal tags\MOT01_M_GW1;WKVOS_MP_12_ES_01\WKVOS_MP_12_ES_01_GW1;10
internal tags\MOT01_M_GW1;WKVOS_TC_01_ES_01\WKVOS_TC_01_ES_01_GW1;11
internal tags\MOT01_M_GW1;WKVOS_TC_01_ES_02\WKVOS_TC_01_ES_02_GW1;12
internal tags\MOT01_M_GW1;WKVOS_TC_01_ES_03\WKVOS_TC_01_ES_03_GW1;13
internal tags\MOT01_M_GW1;WKVOS_TC_01_ES_04\WKVOS_TC_01_ES_04_GW1;14
internal tags\MOT01_M_GW1;WKVOS_TC_01_ES_05\WKVOS_TC_01_ES_05_GW1;15
internal tags\MOT01_M_GW1;WKVOS_TC_01_ES_06\WKVOS_TC_01_ES_06_GW1;16
internal tags\MOT01_M_GW1;WKVOS_TC_01_ES_07\WKVOS_TC_01_ES_07_GW1;17
internal tags\MOT01_M_GW1;WKVOS_TC_01_ES_08\WKVOS_TC_01_ES_08_GW1;18
internal tags\MOT01_M_GW1;WKVOS_TC_01_ES_09\WKVOS_TC_01_ES_09_GW1;19
internal tags\MOT01_M_GW1;WKVOS_TC_01_ES_10\WKVOS_TC_01_ES_10_GW1;20
internal tags\MOT01_M_GW1;WKVOS_TC_01_ES_11\WKVOS_TC_01_ES_11_GW1;21
internal tags\MOT01_M_GW1;WKVOS_TC_01_ES_12\WKVOS_TC_01_ES_12_GW1;22
internal tags\BIN01_M_GW1;WKVOS_MP_00_HS_01\WKVOS_MP_00_HS_01_GW1;0
internal tags\BIN01_M_GW1;WKVOS_MP_00_HS_02\WKVOS_MP_00_HS_02_GW1;1
internal tags\BIN01_M_GW1;WKVOS_JF_01_ES_01\WKVOS_JF_01_ES_01_GW1;2
internal tags\BIN01_M_GW1;WKVOS_TC_01_LS_01\WKVOS_TC_01_LS_01_GW1;3
internal tags\BIN01_M_GW1;WKVOS_TC_01_LS_02\WKVOS_TC_01_LS_02_GW1;4
internal tags\BIN01_M_GW1;WKVOS_TC_01_LS_03\WKVOS_TC_01_LS_03_GW1;5
internal tags\BIN01_M_GW1;WKVOS_TC_01_LS_04\WKVOS_TC_01_LS_04_GW1;6
internal tags\BIN01_M_GW1;WKVOS_TC_01_LS_05\WKVOS_TC_01_LS_05_GW1;7
internal tags\BIN01_M_GW1;WKVOS_TC_01_LS_06\WKVOS_TC_01_LS_06_GW1;8
internal tags\MOV01_M_GW4;WKVOS_MP_00_MOV01\WKVOS_MP_00_MOV01_GW4;0
internal tags\MOV01_M_GW4;WKVOS_MP_00_MOV02\WKVOS_MP_00_MOV02_GW4;1
internal tags\MOV01_M_GW4;WKVOS_MP_00_MOV03\WKVOS_MP_00_MOV03_GW4;2
internal tags\MOV01_M_GW4;WKVOS_MP_00_MOV04\WKVOS_MP_00_MOV04_GW4;3
internal tags\MOV01_M_GW4;WKVOS_MP_00_MOV05\WKVOS_MP_00_MOV05_GW4;4
internal tags\MOV01_M_GW4;WKVOS_MP_00_MOV06\WKVOS_MP_00_MOV06_GW4;5
internal tags\MOV01_M_GW4;WKVOS_MP_00_MOV07\WKVOS_MP_00_MOV07_GW4;6
internal tags\MOV01_M_GW4;WKVOS_MP_00_MOV08\WKVOS_MP_00_MOV08_GW4;7
internal tags\MOV01_M_GW4;WKVOS_MP_00_MOV09\WKVOS_MP_00_MOV09_GW4;8
internal tags\MOV01_M_GW4;WKVOS_MP_00_MOV10\WKVOS_MP_00_MOV10_GW4;9
internal tags\MOV01_M_GW4;WKVOS_MP_00_MOV11\WKVOS_MP_00_MOV11_GW4;10
internal tags\MOV01_M_GW4;WKVOS_MP_00_MOV12\WKVOS_MP_00_MOV12_GW4;11
internal tags\MOV01_M_GW4;WKVOS_MP_00_MOV13\WKVOS_MP_00_MOV13_GW4;12
internal tags\MOV01_M_GW4;WKVOS_MP_00_MOV14\WKVOS_MP_00_MOV14_GW4;13
internal tags\MOV01_M_GW4;WKVOS_MP_01_MOV01\WKVOS_MP_01_MOV01_GW4;14
internal tags\MOV01_M_GW4;WKVOS_MP_01_MOV02\WKVOS_MP_01_MOV02_GW4;15
internal tags\MOV01_M_GW4;WKVOS_MP_02_MOV01\WKVOS_MP_02_MOV01_GW4;16
internal tags\MOV01_M_GW4;WKVOS_MP_02_MOV02\WKVOS_MP_02_MOV02_GW4;17
internal tags\MOV01_M_GW4;WKVOS_MP_03_MOV01\WKVOS_MP_03_MOV01_GW4;18
internal tags\MOV01_M_GW4;WKVOS_MP_03_MOV02\WKVOS_MP_03_MOV02_GW4;19
internal tags\MOV01_M_GW4;WKVOS_MP_04_MOV01\WKVOS_MP_04_MOV01_GW4;20
internal tags\MOV01_M_GW4;WKVOS_MP_04_MOV02\WKVOS_MP_04_MOV02_GW4;21
internal tags\MOV01_M_GW4;WKVOS_MP_05_MOV01\WKVOS_MP_05_MOV01_GW4;22
internal tags\MOV01_M_GW4;WKVOS_MP_05_MOV02\WKVOS_MP_05_MOV02_GW4;23
internal tags\MOV01_M_GW4;WKVOS_MP_06_MOV01\WKVOS_MP_06_MOV01_GW4;24
internal tags\MOV01_M_GW4;WKVOS_MP_06_MOV02\WKVOS_MP_06_MOV02_GW4;25
internal tags\MOV01_M_GW4;WKVOS_MP_07_MOV01\WKVOS_MP_07_MOV01_GW4;26
internal tags\MOV01_M_GW4;WKVOS_MP_07_MOV02\WKVOS_MP_07_MOV02_GW4;27
internal tags\MOV01_M_GW4;WKVOS_MP_08_MOV01\WKVOS_MP_08_MOV01_GW4;28
internal tags\MOV01_M_GW4;WKVOS_MP_08_MOV02\WKVOS_MP_08_MOV02_GW4;29
internal tags\MOV01_M_GW4;WKVOS_MP_09_MOV01\WKVOS_MP_09_MOV01_GW4;30
internal tags\MOV01_M_GW4;WKVOS_MP_09_MOV02\WKVOS_MP_09_MOV02_GW4;31
internal tags\MOV01_M_GW4;WKVOS_MP_10_MOV01\WKVOS_MP_10_MOV01_GW4;32
internal tags\MOV01_M_GW4;WKVOS_MP_10_MOV02\WKVOS_MP_10_MOV02_GW4;33
internal tags\BIN01_M_name;internal tags\WKVOS_MP_00_HS_01_name;0
internal tags\BIN01_M_name;internal tags\WKVOS_MP_00_HS_02_name;1
internal tags\BIN01_M_name;internal tags\WKVOS_JF_01_ES_01_name;2
internal tags\BIN01_M_name;internal tags\WKVOS_TC_01_LS_01_name;3
internal tags\BIN01_M_name;internal tags\WKVOS_TC_01_LS_02_name;4
internal tags\BIN01_M_name;internal tags\WKVOS_TC_01_LS_03_name;5
internal tags\BIN01_M_name;internal tags\WKVOS_TC_01_LS_04_name;6
internal tags\BIN01_M_name;internal tags\WKVOS_TC_01_LS_05_name;7
internal tags\BIN01_M_name;internal tags\WKVOS_TC_01_LS_06_name;8
internal tags\ANA01_M_AVH3;WKVOS_MP_01_PT_01\WKVOS_MP_01_PT_01_AVH3;0
internal tags\ANA01_M_AVH3;WKVOS_MP_01_PT_02\WKVOS_MP_01_PT_02_AVH3;1
internal tags\ANA01_M_AVH3;WKVOS_MP_01_SDV01\WKVOS_MP_01_SDV01_AVH3;2
internal tags\ANA01_M_AVH3;WKVOS_MP_01_MV_02\WKVOS_MP_01_MV_02_AVH3;3
internal tags\ANA01_M_AVH3;WKVOS_MP_03_PT_01\WKVOS_MP_03_PT_01_AVH3;4
internal tags\ANA01_M_AVH3;WKVOS_MP_03_PT_02\WKVOS_MP_03_PT_02_AVH3;5
internal tags\ANA01_M_AVH3;WKVOS_MP_02_PT_01\WKVOS_MP_02_PT_01_AVH3;6
internal tags\ANA01_M_AVH3;WKVOS_MP_02_PT_02\WKVOS_MP_02_PT_02_AVH3;7
internal tags\ANA01_M_AVH3;WKVOS_MP_02_SDV01\WKVOS_MP_02_SDV01_AVH3;8
internal tags\ANA01_M_AVH3;WKVOS_MP_02_MV_02\WKVOS_MP_02_MV_02_AVH3;9
internal tags\ANA01_M_AVH3;WKVOS_MP_04_PT_01\WKVOS_MP_04_PT_01_AVH3;10
internal tags\ANA01_M_AVH3;WKVOS_MP_04_PT_02\WKVOS_MP_04_PT_02_AVH3;11
internal tags\ANA01_M_AVH3;WKVOS_MP_05_PT_01\WKVOS_MP_05_PT_01_AVH3;12
internal tags\ANA01_M_AVH3;WKVOS_MP_05_PT_02\WKVOS_MP_05_PT_02_AVH3;13
internal tags\ANA01_M_AVH3;WKVOS_ADS01_IT_01\WKVOS_ADS01_IT_01_AVH3;14
internal tags\ANA01_M_AVH3;WKVOS_ADS01_ET_01\WKVOS_ADS01_ET_01_AVH3;15
internal tags\ANA01_M_AVH3;WKVOS_ADS02_IT_01\WKVOS_ADS02_IT_01_AVH3;16
internal tags\ANA01_M_AVH3;WKVOS_ADS02_ET_01\WKVOS_ADS02_ET_01_AVH3;17
internal tags\ANA01_M_AVH3;WKVOS_MP_06_PT_01\WKVOS_MP_06_PT_01_AVH3;18
internal tags\ANA01_M_AVH3;WKVOS_MP_06_PT_02\WKVOS_MP_06_PT_02_AVH3;19
internal tags\ANA01_M_AVH3;WKVOS_MP_07_PT_01\WKVOS_MP_07_PT_01_AVH3;20
internal tags\ANA01_M_AVH3;WKVOS_MP_07_PT_02\WKVOS_MP_07_PT_02_AVH3;21
internal tags\ANA01_M_AVH3;WKVOS_MP_07_MV_01\WKVOS_MP_07_MV_01_AVH3;22
internal tags\ANA01_M_AVH3;WKVOS_MP_07_MV_02\WKVOS_MP_07_MV_02_AVH3;23
internal tags\ANA01_M_AVH3;WKVOS_MP_10_PT_01\WKVOS_MP_10_PT_01_AVH3;24
internal tags\ANA01_M_AVH3;WKVOS_MP_10_PT_02\WKVOS_MP_10_PT_02_AVH3;25
internal tags\ANA01_M_AVH3;WKVOS_MP_08_PT_01\WKVOS_MP_08_PT_01_AVH3;26
internal tags\ANA01_M_AVH3;WKVOS_MP_08_PT_02\WKVOS_MP_08_PT_02_AVH3;27
internal tags\ANA01_M_AVH3;WKVOS_MP_09_PT_01\WKVOS_MP_09_PT_01_AVH3;28
internal tags\ANA01_M_AVH3;WKVOS_MP_09_PT_02\WKVOS_MP_09_PT_02_AVH3;29
internal tags\ANA01_M_AVH3;WKVOS_MP_12_PT_01\WKVOS_MP_12_PT_01_AVH3;30
internal tags\ANA01_M_AVH3;WKVOS_TC_01_LT_01\WKVOS_TC_01_LT_01_AVH3;31
internal tags\ANA01_M_AVH3;WKVOS_TC_01_LT_02\WKVOS_TC_01_LT_02_AVH3;32
internal tags\ANA01_M_AVH3;WKVOS_TC_01_LT_03\WKVOS_TC_01_LT_03_AVH3;33
internal tags\ANA01_M_AVH3;WKVOS_TC_01_LT_04\WKVOS_TC_01_LT_04_AVH3;34
internal tags\ANA01_M_AVH3;WKVOS_TC_01_LT_05\WKVOS_TC_01_LT_05_AVH3;35
internal tags\ANA01_M_AVH3;WKVOS_TC_01_LT_06\WKVOS_TC_01_LT_06_AVH3;36
internal tags\ANA01_M_AVH3;WKVOS_TC_01_FQ_01\WKVOS_TC_01_FQ_01_AVH3;37
internal tags\ANA01_M_AL1;WKVOS_MP_01_PT_01\WKVOS_MP_01_PT_01_AL1;0
internal tags\ANA01_M_AL1;WKVOS_MP_01_PT_02\WKVOS_MP_01_PT_02_AL1;1
internal tags\ANA01_M_AL1;WKVOS_MP_01_SDV01\WKVOS_MP_01_SDV01_AL1;2
internal tags\ANA01_M_AL1;WKVOS_MP_01_MV_02\WKVOS_MP_01_MV_02_AL1;3
internal tags\ANA01_M_AL1;WKVOS_MP_03_PT_01\WKVOS_MP_03_PT_01_AL1;4
internal tags\ANA01_M_AL1;WKVOS_MP_03_PT_02\WKVOS_MP_03_PT_02_AL1;5
internal tags\ANA01_M_AL1;WKVOS_MP_02_PT_01\WKVOS_MP_02_PT_01_AL1;6
internal tags\ANA01_M_AL1;WKVOS_MP_02_PT_02\WKVOS_MP_02_PT_02_AL1;7
internal tags\ANA01_M_AL1;WKVOS_MP_02_SDV01\WKVOS_MP_02_SDV01_AL1;8
internal tags\ANA01_M_AL1;WKVOS_MP_02_MV_02\WKVOS_MP_02_MV_02_AL1;9
internal tags\ANA01_M_AL1;WKVOS_MP_04_PT_01\WKVOS_MP_04_PT_01_AL1;10
internal tags\ANA01_M_AL1;WKVOS_MP_04_PT_02\WKVOS_MP_04_PT_02_AL1;11
internal tags\ANA01_M_AL1;WKVOS_MP_05_PT_01\WKVOS_MP_05_PT_01_AL1;12
internal tags\ANA01_M_AL1;WKVOS_MP_05_PT_02\WKVOS_MP_05_PT_02_AL1;13
internal tags\ANA01_M_AL1;WKVOS_ADS01_IT_01\WKVOS_ADS01_IT_01_AL1;14
internal tags\ANA01_M_AL1;WKVOS_ADS01_ET_01\WKVOS_ADS01_ET_01_AL1;15
internal tags\ANA01_M_AL1;WKVOS_ADS02_IT_01\WKVOS_ADS02_IT_01_AL1;16
internal tags\ANA01_M_AL1;WKVOS_ADS02_ET_01\WKVOS_ADS02_ET_01_AL1;17
internal tags\ANA01_M_AL1;WKVOS_MP_06_PT_01\WKVOS_MP_06_PT_01_AL1;18
internal tags\ANA01_M_AL1;WKVOS_MP_06_PT_02\WKVOS_MP_06_PT_02_AL1;19
internal tags\ANA01_M_AL1;WKVOS_MP_07_PT_01\WKVOS_MP_07_PT_01_AL1;20
internal tags\ANA01_M_AL1;WKVOS_MP_07_PT_02\WKVOS_MP_07_PT_02_AL1;21
internal tags\ANA01_M_AL1;WKVOS_MP_07_MV_01\WKVOS_MP_07_MV_01_AL1;22
internal tags\ANA01_M_AL1;WKVOS_MP_07_MV_02\WKVOS_MP_07_MV_02_AL1;23
internal tags\ANA01_M_AL1;WKVOS_MP_10_PT_01\WKVOS_MP_10_PT_01_AL1;24
internal tags\ANA01_M_AL1;WKVOS_MP_10_PT_02\WKVOS_MP_10_PT_02_AL1;25
internal tags\ANA01_M_AL1;WKVOS_MP_08_PT_01\WKVOS_MP_08_PT_01_AL1;26
internal tags\ANA01_M_AL1;WKVOS_MP_08_PT_02\WKVOS_MP_08_PT_02_AL1;27
internal tags\ANA01_M_AL1;WKVOS_MP_09_PT_01\WKVOS_MP_09_PT_01_AL1;28
internal tags\ANA01_M_AL1;WKVOS_MP_09_PT_02\WKVOS_MP_09_PT_02_AL1;29
internal tags\ANA01_M_AL1;WKVOS_MP_12_PT_01\WKVOS_MP_12_PT_01_AL1;30
internal tags\ANA01_M_AL1;WKVOS_TC_01_LT_01\WKVOS_TC_01_LT_01_AL1;31
internal tags\ANA01_M_AL1;WKVOS_TC_01_LT_02\WKVOS_TC_01_LT_02_AL1;32
internal tags\ANA01_M_AL1;WKVOS_TC_01_LT_03\WKVOS_TC_01_LT_03_AL1;33
internal tags\ANA01_M_AL1;WKVOS_TC_01_LT_04\WKVOS_TC_01_LT_04_AL1;34
internal tags\ANA01_M_AL1;WKVOS_TC_01_LT_05\WKVOS_TC_01_LT_05_AL1;35
internal tags\ANA01_M_AL1;WKVOS_TC_01_LT_06\WKVOS_TC_01_LT_06_AL1;36
internal tags\ANA01_M_AL1;WKVOS_TC_01_FQ_01\WKVOS_TC_01_FQ_01_AL1;37
internal tags\AUX01_M_GW1;WKVOS_TC_01_ES_21\WKVOS_TC_01_ES_21_GW1;0
internal tags\AUX01_M_GW1;WKVOS_TC_01_ES_22\WKVOS_TC_01_ES_22_GW1;1
internal tags\AUX01_M_GW1;WKVOS_TC_01_ES_23\WKVOS_TC_01_ES_23_GW1;2
internal tags\AUX01_M_GW1;WKVOS_TC_01_ES_24\WKVOS_TC_01_ES_24_GW1;3
internal tags\AUX01_M_GW1;WKVOS_TC_01_ES_25\WKVOS_TC_01_ES_25_GW1;4
internal tags\AUX01_M_GW1;WKVOS_TC_01_ES_26\WKVOS_TC_01_ES_26_GW1;5
internal tags\MOT01_M_mess;internal tags\WKVOS_MP_01_ES_01_mess;0
internal tags\MOT01_M_mess;internal tags\WKVOS_MP_02_ES_01_mess;1
internal tags\MOT01_M_mess;internal tags\WKVOS_MP_03_ES_01_mess;2
internal tags\MOT01_M_mess;internal tags\WKVOS_MP_04_ES_01_mess;3
internal tags\MOT01_M_mess;internal tags\WKVOS_MP_05_ES_01_mess;4
internal tags\MOT01_M_mess;internal tags\WKVOS_MP_06_ES_01_mess;5
internal tags\MOT01_M_mess;internal tags\WKVOS_MP_07_ES_01_mess;6
internal tags\MOT01_M_mess;internal tags\WKVOS_MP_08_ES_01_mess;7
internal tags\MOT01_M_mess;internal tags\WKVOS_MP_09_ES_01_mess;8
internal tags\MOT01_M_mess;internal tags\WKVOS_MP_10_ES_01_mess;9
internal tags\MOT01_M_mess;internal tags\WKVOS_MP_12_ES_01_mess;10
internal tags\MOT01_M_mess;internal tags\WKVOS_TC_01_ES_01_mess;11
internal tags\MOT01_M_mess;internal tags\WKVOS_TC_01_ES_02_mess;12
internal tags\MOT01_M_mess;internal tags\WKVOS_TC_01_ES_03_mess;13
internal tags\MOT01_M_mess;internal tags\WKVOS_TC_01_ES_04_mess;14
internal tags\MOT01_M_mess;internal tags\WKVOS_TC_01_ES_05_mess;15
internal tags\MOT01_M_mess;internal tags\WKVOS_TC_01_ES_06_mess;16
internal tags\MOT01_M_mess;internal tags\WKVOS_TC_01_ES_07_mess;17
internal tags\MOT01_M_mess;internal tags\WKVOS_TC_01_ES_08_mess;18
internal tags\MOT01_M_mess;internal tags\WKVOS_TC_01_ES_09_mess;19
internal tags\MOT01_M_mess;internal tags\WKVOS_TC_01_ES_10_mess;20
internal tags\MOT01_M_mess;internal tags\WKVOS_TC_01_ES_11_mess;21
internal tags\MOT01_M_mess;internal tags\WKVOS_TC_01_ES_12_mess;22
internal tags\ANA01_M_AVL2;WKVOS_MP_01_PT_01\WKVOS_MP_01_PT_01_AVL2;0
internal tags\ANA01_M_AVL2;WKVOS_MP_01_PT_02\WKVOS_MP_01_PT_02_AVL2;1
internal tags\ANA01_M_AVL2;WKVOS_MP_01_SDV01\WKVOS_MP_01_SDV01_AVL2;2
internal tags\ANA01_M_AVL2;WKVOS_MP_01_MV_02\WKVOS_MP_01_MV_02_AVL2;3
internal tags\ANA01_M_AVL2;WKVOS_MP_03_PT_01\WKVOS_MP_03_PT_01_AVL2;4
internal tags\ANA01_M_AVL2;WKVOS_MP_03_PT_02\WKVOS_MP_03_PT_02_AVL2;5
internal tags\ANA01_M_AVL2;WKVOS_MP_02_PT_01\WKVOS_MP_02_PT_01_AVL2;6
internal tags\ANA01_M_AVL2;WKVOS_MP_02_PT_02\WKVOS_MP_02_PT_02_AVL2;7
internal tags\ANA01_M_AVL2;WKVOS_MP_02_SDV01\WKVOS_MP_02_SDV01_AVL2;8
internal tags\ANA01_M_AVL2;WKVOS_MP_02_MV_02\WKVOS_MP_02_MV_02_AVL2;9
internal tags\ANA01_M_AVL2;WKVOS_MP_04_PT_01\WKVOS_MP_04_PT_01_AVL2;10
internal tags\ANA01_M_AVL2;WKVOS_MP_04_PT_02\WKVOS_MP_04_PT_02_AVL2;11
internal tags\ANA01_M_AVL2;WKVOS_MP_05_PT_01\WKVOS_MP_05_PT_01_AVL2;12
internal tags\ANA01_M_AVL2;WKVOS_MP_05_PT_02\WKVOS_MP_05_PT_02_AVL2;13
internal tags\ANA01_M_AVL2;WKVOS_ADS01_IT_01\WKVOS_ADS01_IT_01_AVL2;14
internal tags\ANA01_M_AVL2;WKVOS_ADS01_ET_01\WKVOS_ADS01_ET_01_AVL2;15
internal tags\ANA01_M_AVL2;WKVOS_ADS02_IT_01\WKVOS_ADS02_IT_01_AVL2;16
internal tags\ANA01_M_AVL2;WKVOS_ADS02_ET_01\WKVOS_ADS02_ET_01_AVL2;17
internal tags\ANA01_M_AVL2;WKVOS_MP_06_PT_01\WKVOS_MP_06_PT_01_AVL2;18
internal tags\ANA01_M_AVL2;WKVOS_MP_06_PT_02\WKVOS_MP_06_PT_02_AVL2;19
internal tags\ANA01_M_AVL2;WKVOS_MP_07_PT_01\WKVOS_MP_07_PT_01_AVL2;20
internal tags\ANA01_M_AVL2;WKVOS_MP_07_PT_02\WKVOS_MP_07_PT_02_AVL2;21
internal tags\ANA01_M_AVL2;WKVOS_MP_07_MV_01\WKVOS_MP_07_MV_01_AVL2;22
internal tags\ANA01_M_AVL2;WKVOS_MP_07_MV_02\WKVOS_MP_07_MV_02_AVL2;23
internal tags\ANA01_M_AVL2;WKVOS_MP_10_PT_01\WKVOS_MP_10_PT_01_AVL2;24
internal tags\ANA01_M_AVL2;WKVOS_MP_10_PT_02\WKVOS_MP_10_PT_02_AVL2;25
internal tags\ANA01_M_AVL2;WKVOS_MP_08_PT_01\WKVOS_MP_08_PT_01_AVL2;26
internal tags\ANA01_M_AVL2;WKVOS_MP_08_PT_02\WKVOS_MP_08_PT_02_AVL2;27
internal tags\ANA01_M_AVL2;WKVOS_MP_09_PT_01\WKVOS_MP_09_PT_01_AVL2;28
internal tags\ANA01_M_AVL2;WKVOS_MP_09_PT_02\WKVOS_MP_09_PT_02_AVL2;29
internal tags\ANA01_M_AVL2;WKVOS_MP_12_PT_01\WKVOS_MP_12_PT_01_AVL2;30
internal tags\ANA01_M_AVL2;WKVOS_TC_01_LT_01\WKVOS_TC_01_LT_01_AVL2;31
internal tags\ANA01_M_AVL2;WKVOS_TC_01_LT_02\WKVOS_TC_01_LT_02_AVL2;32
internal tags\ANA01_M_AVL2;WKVOS_TC_01_LT_03\WKVOS_TC_01_LT_03_AVL2;33
internal tags\ANA01_M_AVL2;WKVOS_TC_01_LT_04\WKVOS_TC_01_LT_04_AVL2;34
internal tags\ANA01_M_AVL2;WKVOS_TC_01_LT_05\WKVOS_TC_01_LT_05_AVL2;35
internal tags\ANA01_M_AVL2;WKVOS_TC_01_LT_06\WKVOS_TC_01_LT_06_AVL2;36
internal tags\ANA01_M_AVL2;WKVOS_TC_01_FQ_01\WKVOS_TC_01_FQ_01_AVL2;37
internal tags\BIN01_M_mess;internal tags\WKVOS_MP_00_HS_01_mess;0
internal tags\BIN01_M_mess;internal tags\WKVOS_MP_00_HS_02_mess;1
internal tags\BIN01_M_mess;internal tags\WKVOS_JF_01_ES_01_mess;2
internal tags\BIN01_M_mess;internal tags\WKVOS_TC_01_LS_01_mess;3
internal tags\BIN01_M_mess;internal tags\WKVOS_TC_01_LS_02_mess;4
internal tags\BIN01_M_mess;internal tags\WKVOS_TC_01_LS_03_mess;5
internal tags\BIN01_M_mess;internal tags\WKVOS_TC_01_LS_04_mess;6
internal tags\BIN01_M_mess;internal tags\WKVOS_TC_01_LS_05_mess;7
internal tags\BIN01_M_mess;internal tags\WKVOS_TC_01_LS_06_mess;8
internal tags\ANA01_M_AVH2;WKVOS_MP_01_PT_01\WKVOS_MP_01_PT_01_AVH2;0
internal tags\ANA01_M_AVH2;WKVOS_MP_01_PT_02\WKVOS_MP_01_PT_02_AVH2;1
internal tags\ANA01_M_AVH2;WKVOS_MP_01_SDV01\WKVOS_MP_01_SDV01_AVH2;2
internal tags\ANA01_M_AVH2;WKVOS_MP_01_MV_02\WKVOS_MP_01_MV_02_AVH2;3
internal tags\ANA01_M_AVH2;WKVOS_MP_03_PT_01\WKVOS_MP_03_PT_01_AVH2;4
internal tags\ANA01_M_AVH2;WKVOS_MP_03_PT_02\WKVOS_MP_03_PT_02_AVH2;5
internal tags\ANA01_M_AVH2;WKVOS_MP_02_PT_01\WKVOS_MP_02_PT_01_AVH2;6
internal tags\ANA01_M_AVH2;WKVOS_MP_02_PT_02\WKVOS_MP_02_PT_02_AVH2;7
internal tags\ANA01_M_AVH2;WKVOS_MP_02_SDV01\WKVOS_MP_02_SDV01_AVH2;8
internal tags\ANA01_M_AVH2;WKVOS_MP_02_MV_02\WKVOS_MP_02_MV_02_AVH2;9
internal tags\ANA01_M_AVH2;WKVOS_MP_04_PT_01\WKVOS_MP_04_PT_01_AVH2;10
internal tags\ANA01_M_AVH2;WKVOS_MP_04_PT_02\WKVOS_MP_04_PT_02_AVH2;11
internal tags\ANA01_M_AVH2;WKVOS_MP_05_PT_01\WKVOS_MP_05_PT_01_AVH2;12
internal tags\ANA01_M_AVH2;WKVOS_MP_05_PT_02\WKVOS_MP_05_PT_02_AVH2;13
internal tags\ANA01_M_AVH2;WKVOS_ADS01_IT_01\WKVOS_ADS01_IT_01_AVH2;14
internal tags\ANA01_M_AVH2;WKVOS_ADS01_ET_01\WKVOS_ADS01_ET_01_AVH2;15
internal tags\ANA01_M_AVH2;WKVOS_ADS02_IT_01\WKVOS_ADS02_IT_01_AVH2;16
internal tags\ANA01_M_AVH2;WKVOS_ADS02_ET_01\WKVOS_ADS02_ET_01_AVH2;17
internal tags\ANA01_M_AVH2;WKVOS_MP_06_PT_01\WKVOS_MP_06_PT_01_AVH2;18
internal tags\ANA01_M_AVH2;WKVOS_MP_06_PT_02\WKVOS_MP_06_PT_02_AVH2;19
internal tags\ANA01_M_AVH2;WKVOS_MP_07_PT_01\WKVOS_MP_07_PT_01_AVH2;20
internal tags\ANA01_M_AVH2;WKVOS_MP_07_PT_02\WKVOS_MP_07_PT_02_AVH2;21
internal tags\ANA01_M_AVH2;WKVOS_MP_07_MV_01\WKVOS_MP_07_MV_01_AVH2;22
internal tags\ANA01_M_AVH2;WKVOS_MP_07_MV_02\WKVOS_MP_07_MV_02_AVH2;23
internal tags\ANA01_M_AVH2;WKVOS_MP_10_PT_01\WKVOS_MP_10_PT_01_AVH2;24
internal tags\ANA01_M_AVH2;WKVOS_MP_10_PT_02\WKVOS_MP_10_PT_02_AVH2;25
internal tags\ANA01_M_AVH2;WKVOS_MP_08_PT_01\WKVOS_MP_08_PT_01_AVH2;26
internal tags\ANA01_M_AVH2;WKVOS_MP_08_PT_02\WKVOS_MP_08_PT_02_AVH2;27
internal tags\ANA01_M_AVH2;WKVOS_MP_09_PT_01\WKVOS_MP_09_PT_01_AVH2;28
internal tags\ANA01_M_AVH2;WKVOS_MP_09_PT_02\WKVOS_MP_09_PT_02_AVH2;29
internal tags\ANA01_M_AVH2;WKVOS_MP_12_PT_01\WKVOS_MP_12_PT_01_AVH2;30
internal tags\ANA01_M_AVH2;WKVOS_TC_01_LT_01\WKVOS_TC_01_LT_01_AVH2;31
internal tags\ANA01_M_AVH2;WKVOS_TC_01_LT_02\WKVOS_TC_01_LT_02_AVH2;32
internal tags\ANA01_M_AVH2;WKVOS_TC_01_LT_03\WKVOS_TC_01_LT_03_AVH2;33
internal tags\ANA01_M_AVH2;WKVOS_TC_01_LT_04\WKVOS_TC_01_LT_04_AVH2;34
internal tags\ANA01_M_AVH2;WKVOS_TC_01_LT_05\WKVOS_TC_01_LT_05_AVH2;35
internal tags\ANA01_M_AVH2;WKVOS_TC_01_LT_06\WKVOS_TC_01_LT_06_AVH2;36
internal tags\ANA01_M_AVH2;WKVOS_TC_01_FQ_01\WKVOS_TC_01_FQ_01_AVH2;37
internal tags\MOT01_M_name;internal tags\WKVOS_MP_01_ES_01_name;0
internal tags\MOT01_M_name;internal tags\WKVOS_MP_02_ES_01_name;1
internal tags\MOT01_M_name;internal tags\WKVOS_MP_03_ES_01_name;2
internal tags\MOT01_M_name;internal tags\WKVOS_MP_04_ES_01_name;3
internal tags\MOT01_M_name;internal tags\WKVOS_MP_05_ES_01_name;4
internal tags\MOT01_M_name;internal tags\WKVOS_MP_06_ES_01_name;5
internal tags\MOT01_M_name;internal tags\WKVOS_MP_07_ES_01_name;6
internal tags\MOT01_M_name;internal tags\WKVOS_MP_08_ES_01_name;7
internal tags\MOT01_M_name;internal tags\WKVOS_MP_09_ES_01_name;8
internal tags\MOT01_M_name;internal tags\WKVOS_MP_10_ES_01_name;9
internal tags\MOT01_M_name;internal tags\WKVOS_MP_12_ES_01_name;10
internal tags\MOT01_M_name;internal tags\WKVOS_TC_01_ES_01_name;11
internal tags\MOT01_M_name;internal tags\WKVOS_TC_01_ES_02_name;12
internal tags\MOT01_M_name;internal tags\WKVOS_TC_01_ES_03_name;13
internal tags\MOT01_M_name;internal tags\WKVOS_TC_01_ES_04_name;14
internal tags\MOT01_M_name;internal tags\WKVOS_TC_01_ES_05_name;15
internal tags\MOT01_M_name;internal tags\WKVOS_TC_01_ES_06_name;16
internal tags\MOT01_M_name;internal tags\WKVOS_TC_01_ES_07_name;17
internal tags\MOT01_M_name;internal tags\WKVOS_TC_01_ES_08_name;18
internal tags\MOT01_M_name;internal tags\WKVOS_TC_01_ES_09_name;19
internal tags\MOT01_M_name;internal tags\WKVOS_TC_01_ES_10_name;20
internal tags\MOT01_M_name;internal tags\WKVOS_TC_01_ES_11_name;21
internal tags\MOT01_M_name;internal tags\WKVOS_TC_01_ES_12_name;22
internal tags\AUX01_M_GW2;WKVOS_TC_01_ES_21\WKVOS_TC_01_ES_21_GW2;0
internal tags\AUX01_M_GW2;WKVOS_TC_01_ES_22\WKVOS_TC_01_ES_22_GW2;1
internal tags\AUX01_M_GW2;WKVOS_TC_01_ES_23\WKVOS_TC_01_ES_23_GW2;2
internal tags\AUX01_M_GW2;WKVOS_TC_01_ES_24\WKVOS_TC_01_ES_24_GW2;3
internal tags\AUX01_M_GW2;WKVOS_TC_01_ES_25\WKVOS_TC_01_ES_25_GW2;4
internal tags\AUX01_M_GW2;WKVOS_TC_01_ES_26\WKVOS_TC_01_ES_26_GW2;5
